Time,X,Y
0.23,284,258
0.36,285,256
0.47,284,255
0.59,284,255
0.7,285,254
0.81,285,253
0.92,286,253
1.04,286,253
1.16,287,251
1.28,287,249
1.4,288,247
1.51,288,247
1.63,288,247
1.74,287,247
1.85,288,247
1.97,288,246
2.08,288,245
2.19,288,243
2.3,288,241
2.42,288,240
2.54,290,240
2.66,292,238
2.78,294,239
2.9,295,240
3.01,295,239
3.13,294,239
3.25,294,240
3.37,293,241
3.49,293,244
3.61,292,246
3.73,290,247
3.84,290,247
3.95,290,248
4.07,289,250
4.18,289,250
4.29,288,250
4.4,288,251
4.52,288,251
4.64,288,251
4.76,288,251
4.88,288,251
4.99,288,251
5.11,289,251
5.22,290,250
5.34,291,250
5.45,290,253
5.57,290,255
5.69,290,259
5.81,291,264
5.93,292,268
6.04,292,269
6.15,292,269
6.27,292,268
6.39,292,268
6.51,292,268
6.63,292,268
6.75,292,269
6.86,293,271
6.98,293,273
7.09,293,276
7.2,292,280
7.33,292,286
7.44,290,290
7.55,287,296
7.68,286,299
7.79,284,300
7.91,282,302
8.02,282,303
8.15,283,306
8.27,283,308
8.38,283,308
8.51,284,307
8.61,284,307
8.73,285,309
8.85,288,313
8.96,289,317
9.08,289,317
9.2,290,316
9.32,290,316
9.45,290,316
9.55,291,316
9.66,290,315
9.79,289,312
9.91,287,312
10.02,286,310
10.13,285,311
10.25,280,311
10.37,273,312
10.51,259,312
10.63,249,309
10.73,245,311
10.85,232,310
10.96,222,311
11.07,210,311
11.19,196,311
11.3,186,310
11.42,176,310
11.54,172,310
11.65,173,311
11.76,173,310
11.87,174,310
12,175,310
12.12,175,310
12.23,174,309
12.35,174,309
12.48,175,310
12.59,173,310
12.72,168,310
12.84,166,309
12.95,163,310
13.08,162,312
13.19,159,311
13.31,157,311
13.43,156,311
13.54,154,310
13.65,156,311
13.78,158,311
13.93,158,313
14.05,163,310
14.17,169,308
14.28,174,308
14.39,178,308
14.5,190,309
14.62,206,311
14.74,218,312
14.86,226,312
14.98,227,312
15.09,227,311
15.21,225,311
15.32,225,312
15.46,225,312
15.57,225,311
15.69,230,311
15.81,248,311
15.93,258,311
16.04,262,309
16.16,264,310
16.27,263,310
16.38,263,311
16.5,264,311
16.62,265,311
16.74,266,311
16.86,266,311
16.98,266,311
17.09,265,311
17.2,266,311
17.32,265,311
17.42,265,311
17.55,264,311
17.66,263,309
17.77,265,308
17.89,268,307
18,268,307
18.12,268,307
18.24,268,307
18.35,268,307
18.46,269,306
18.57,269,307
18.69,270,307
18.82,272,306
18.94,274,305
19.05,274,305
19.16,274,305
19.28,274,304
19.39,274,304
19.51,271,306
19.63,269,307
19.74,267,308
19.86,268,309
19.97,268,308
20.09,268,309
20.22,267,310
20.34,267,310
20.46,267,310
20.58,268,310
20.69,268,309
20.81,272,307
20.93,272,307
21.06,272,307
21.17,272,307
21.29,272,308
21.4,273,309
21.52,279,311
21.64,282,311
21.76,282,311
21.87,279,310
21.98,280,312
22.11,281,314
22.23,282,314
22.35,281,313
22.45,281,314
22.57,279,316
22.69,278,315
22.8,278,315
22.93,278,316
23.04,277,315
23.16,278,315
23.28,278,315
23.39,278,315
23.51,277,315
23.62,277,315
23.74,277,314
23.86,275,312
23.99,276,311
24.09,280,310
24.21,282,309
24.32,289,310
24.43,294,310
24.55,299,308
24.67,307,309
24.79,318,309
24.91,333,310
25.03,343,311
25.14,354,311
25.26,369,310
25.37,381,311
25.49,385,311
25.61,387,310
25.72,388,309
25.84,391,310
25.95,404,310
26.08,416,309
26.19,418,308
26.31,421,309
26.43,420,309
26.54,417,310
26.66,418,310
26.77,422,311
26.88,423,312
27,423,313
27.12,420,311
27.25,414,311
27.37,410,310
27.49,409,311
27.59,406,311
27.7,392,312
27.82,378,312
27.93,367,311
28.05,347,311
28.16,335,310
28.28,327,309
28.39,323,308
28.51,322,308
28.62,321,308
28.74,318,308
28.86,314,307
28.98,313,308
29.09,314,309
29.2,312,309
29.32,313,310
29.43,312,310
29.55,310,311
29.67,309,312
29.79,309,311
29.92,306,309
30.03,303,308
30.15,300,306
30.28,299,306
30.38,300,306
30.49,300,305
30.6,301,305
30.71,301,305
30.83,301,305
30.96,301,305
31.08,302,306
31.2,302,306
31.3,302,306
31.42,302,306
31.54,302,306
31.67,301,305
31.79,302,306
31.91,301,305
32.03,301,305
32.15,302,306
32.27,304,306
32.4,305,307
32.52,303,307
32.64,298,307
32.76,288,307
32.88,271,307
32.99,256,308
33.11,243,309
33.22,225,310
33.33,204,312
33.45,190,312
33.57,179,312
33.68,168,314
33.79,162,314
33.9,161,315
34.02,158,313
34.13,157,313
34.25,155,312
34.37,154,312
34.48,155,311
34.59,156,312
34.71,156,312
34.83,157,311
34.94,159,309
35.05,160,308
35.17,166,307
35.28,176,308
35.4,184,308
35.52,195,309
35.64,208,311
35.76,211,312
35.87,212,312
35.99,217,310
36.11,230,312
36.22,235,311
36.34,237,312
36.47,244,312
36.59,249,310
36.71,255,309
36.82,255,309
36.94,257,308
37.06,258,307
37.16,259,307
37.27,259,307
37.39,258,307
37.5,258,307
37.61,261,307
37.73,262,307
37.85,262,307
37.97,266,306
38.09,269,306
38.21,268,307
38.33,269,308
38.44,271,309
38.57,273,310
38.69,274,310
38.81,274,310
38.93,273,310
39.04,272,310
39.15,273,310
39.27,273,310
39.39,270,309
39.5,269,309
39.62,269,309
39.74,271,310
39.86,273,311
39.97,275,311
40.08,275,312
40.2,275,312
40.32,274,311
40.44,274,310
40.56,280,309
40.67,284,308
40.78,286,308
40.91,287,307
41.01,287,306
41.14,287,305
41.26,287,305
41.37,287,305
41.48,285,305
41.6,286,306
41.71,292,306
41.82,303,308
41.94,316,309
42.05,337,311
42.17,358,312
42.28,374,311
42.4,389,310
42.51,406,310
42.62,414,309
42.74,420,308
42.86,421,308
42.97,421,308
43.09,421,308
43.22,421,308
43.33,421,308
43.46,422,308
43.58,421,308
43.7,422,308
43.81,423,308
43.93,424,308
44.04,427,309
44.15,428,309
44.27,429,311
44.38,429,311
44.5,429,311
44.61,429,311
44.72,430,310
44.83,430,311
44.95,430,309
45.07,430,309
45.19,431,309
45.3,432,309
45.41,432,309
45.52,429,309
45.64,428,309
45.75,428,309
45.87,429,309
45.98,430,309
46.1,428,309
46.21,427,310
46.31,425,310
46.43,425,311
46.54,427,312
46.65,426,311
46.76,425,310
46.88,425,310
47,427,312
47.12,427,311
47.24,422,308
47.35,412,309
47.46,405,310
47.58,404,310
47.7,402,311
47.82,401,312
47.94,403,311
48.06,406,311
48.18,407,311
48.29,406,311
48.41,403,310
48.52,397,310
48.64,381,311
48.75,376,310
48.86,373,309
48.98,366,309
49.09,360,309
49.2,356,308
49.32,351,308
49.44,350,308
49.57,350,308
49.68,351,308
49.8,348,308
49.91,348,308
50.04,348,308
50.15,349,308
50.26,349,308
50.38,350,308
50.5,351,308
50.62,354,308
50.73,357,308
50.84,358,308
50.96,358,308
51.07,356,308
51.19,356,307
51.31,355,307
51.42,356,307
51.54,355,308
51.65,356,308
51.77,354,308
51.89,349,307
52.01,341,308
52.12,338,308
52.23,336,307
52.35,336,308
52.46,336,308
52.58,329,309
52.69,324,310
52.81,323,311
52.94,322,311
53.06,320,312
53.17,318,312
53.28,317,312
53.39,316,312
53.49,314,312
53.61,313,313
53.73,310,313
53.84,307,314
53.97,306,315
54.08,304,316
54.19,302,316
54.31,300,318
54.43,299,320
54.55,298,320
54.66,299,319
54.78,297,320
54.89,295,321
55.01,295,320
55.12,294,321
55.24,294,320
55.36,294,320
55.49,293,320
55.61,292,320
55.73,291,320
55.85,291,320
55.97,291,320
56.08,291,320
56.19,294,319
56.31,299,316
56.42,300,315
56.54,299,316
56.66,300,317
56.77,300,317
56.88,301,317
56.99,301,316
57.12,301,316
57.24,302,316
57.35,302,316
57.47,300,317
57.58,299,318
57.7,298,318
57.81,298,318
57.93,299,318
58.05,299,317
58.17,299,316
58.29,299,316
58.41,298,316
58.53,298,316
58.65,298,316
58.76,298,316
58.87,298,316
59,298,316
59.11,298,315
59.22,298,314
59.34,297,313
59.46,294,312
59.57,289,311
59.69,279,309
59.81,264,307
59.92,253,307
60.04,234,307
60.15,222,307
60.27,206,308
60.39,196,309
60.51,190,309
60.62,185,309
60.74,184,310
60.87,184,310
60.98,186,311
61.1,187,310
61.22,188,310
61.33,188,309
61.44,188,309
61.57,188,312
61.68,190,311
61.79,191,310
61.9,195,309
62.01,200,308
62.13,204,309
62.25,214,309
62.36,223,311
62.49,226,312
62.61,230,312
62.73,231,313
62.85,230,312
62.98,228,313
63.09,228,313
63.21,227,314
63.33,226,314
63.44,226,314
63.56,223,315
63.68,222,315
63.8,221,315
63.91,221,316
64.02,222,314
64.14,222,313
64.25,221,313
64.37,217,313
64.48,210,314
64.6,200,315
64.71,191,314
64.83,190,313
64.95,189,314
65.07,189,314
65.19,191,312
65.3,192,312
65.42,191,312
65.53,190,314
65.65,189,314
65.77,190,314
65.89,189,312
66.01,184,312
66.13,174,311
66.25,165,313
66.35,161,313
66.47,161,313
66.6,159,313
66.71,159,314
66.82,159,314
66.94,159,313
67.06,159,314
67.17,159,314
67.28,157,312
67.39,155,312
67.5,152,312
67.62,152,312
67.74,152,312
67.86,152,312
67.97,152,311
68.09,152,311
68.2,150,310
68.32,150,309
68.43,151,309
68.55,151,308
68.67,150,308
68.79,150,308
68.91,150,308
69.03,150,309
69.15,153,308
69.26,158,307
69.38,157,308
69.5,156,308
69.61,157,308
69.74,161,308
69.86,171,309
69.98,178,309
70.1,189,309
70.21,197,309
70.33,208,310
70.45,215,309
70.56,225,310
70.68,236,310
70.8,245,312
70.9,251,312
71.01,253,313
71.13,256,313
71.25,259,314
71.36,260,314
71.48,260,314
71.59,260,314
71.71,259,313
71.82,259,313
71.94,261,312
72.04,261,312
72.17,261,312
72.28,262,311
72.4,265,310
72.51,264,309
72.63,266,308
72.74,270,307
72.86,272,306
72.98,271,307
73.1,273,306
73.22,275,304
73.34,277,302
73.45,278,301
73.58,279,299
73.7,280,297
73.82,281,296
73.95,279,299
74.07,275,304
74.18,275,305
74.3,278,303
74.41,278,301
74.53,277,300
74.65,277,299
74.77,277,298
74.89,278,297
75.01,278,298
75.13,278,298
75.23,278,297
75.35,278,296
75.46,278,293
75.58,279,293
75.69,278,297
75.81,278,299
75.93,278,299
76.05,278,299
76.17,279,300
76.29,279,299
76.41,279,300
76.52,279,303
76.64,279,305
76.75,279,307
76.86,281,307
76.98,288,308
77.1,300,307
77.22,312,309
77.34,331,310
77.45,344,311
77.57,362,311
77.69,364,312
77.81,364,312
77.92,370,312
78.04,382,314
78.15,393,315
78.26,403,314
78.38,413,315
78.5,414,314
78.62,412,314
78.74,412,314
78.85,411,314
78.97,412,315
79.08,411,315
79.19,412,316
79.3,411,315
79.42,411,314
79.53,414,315
79.66,423,315
79.78,424,314
79.9,425,313
80.01,427,313
80.13,427,313
80.24,426,313
80.35,423,313
80.46,424,313
80.57,424,312
80.69,424,312
80.8,426,312
80.92,425,312
81.05,423,312
81.16,422,312
81.27,420,313
81.39,418,312
81.5,412,312
81.61,411,312
81.74,411,312
81.85,412,313
81.97,412,313
82.08,412,313
82.19,413,312
82.31,413,312
82.43,414,312
82.54,415,312
82.65,415,312
82.78,415,312
82.89,415,312
83.01,414,312
83.13,416,312
83.25,415,312
83.37,415,312
83.5,415,312
83.61,416,312
83.73,416,312
83.85,416,312
83.97,419,312
84.08,422,312
84.2,422,312
84.31,424,312
84.43,424,311
84.54,424,311
84.66,424,311
84.77,424,311
84.89,424,311
85.01,425,311
85.12,425,312
85.24,426,312
85.36,426,312
85.48,425,312
85.59,422,312
85.71,417,311
85.82,411,311
85.94,407,310
86.06,397,311
86.17,393,311
86.3,392,310
86.41,391,311
86.53,390,313
86.65,388,314
86.77,386,314
86.88,383,314
87,375,316
87.12,366,317
87.24,360,317
87.36,356,317
87.48,353,317
87.59,349,316
87.71,342,315
87.82,335,316
87.93,331,316
88.05,331,315
88.17,331,315
88.28,331,316
88.39,330,315
88.51,325,315
88.62,317,314
88.73,314,314
88.86,314,314
88.97,314,314
89.09,314,314
89.21,315,314
89.33,314,314
89.45,310,315
89.58,307,315
89.7,307,315
89.82,308,314
89.93,308,314
90.04,308,314
90.16,307,314
90.29,307,314
90.4,307,315
90.53,307,315
90.64,306,315
90.76,306,315
90.88,306,316
91,306,315
91.11,308,314
91.23,309,313
91.34,309,313
91.47,309,313
91.58,309,313
91.69,309,312
91.81,308,311
91.93,308,310
92.04,308,310
92.15,308,309
92.26,308,309
92.37,307,309
92.49,307,309
92.6,307,309
92.71,307,309
92.83,307,309
92.94,308,309
93.06,308,309
93.18,308,309
93.29,309,309
93.41,311,310
93.53,310,309
93.65,311,310
93.76,311,309
93.88,311,309
94,311,309
94.12,310,309
94.24,310,309
94.35,310,309
94.47,310,309
94.59,309,309
94.7,309,308
94.81,308,308
94.93,307,307
95.04,307,307
95.15,308,307
95.26,307,307
95.37,307,307
95.5,307,307
95.6,309,308
95.71,309,309
95.83,308,309
95.94,308,310
96.06,306,310
96.17,306,310
96.28,306,310
96.39,305,311
96.5,301,313
96.62,300,312
96.75,300,313
96.86,300,314
96.98,301,314
97.1,300,312
97.21,297,312
97.32,292,312
97.43,286,312
97.54,276,311
97.65,261,308
97.77,244,308
97.88,227,307
98,214,308
98.12,201,309
98.23,186,310
98.35,179,310
98.47,177,310
98.58,180,311
98.7,183,311
98.82,183,311
98.93,182,311
99.04,182,311
99.15,180,310
99.27,179,310
99.37,174,310
99.49,163,310
99.61,160,311
99.73,157,312
99.84,159,312
99.95,161,311
100.07,161,310
100.19,160,310
100.3,158,309
100.41,157,309
100.54,157,308
100.66,157,308
100.78,157,308
100.9,157,307
101.01,158,307
101.13,160,306
101.25,160,306
101.36,160,306
101.48,160,307
101.59,160,307
101.71,159,308
101.83,158,308
101.95,161,308
102.07,166,308
102.18,168,308
102.29,169,310
102.41,173,310
102.54,180,310
102.65,187,312
102.77,191,312
102.88,195,311
102.99,196,311
103.1,196,311
103.21,196,311
103.33,197,312
103.45,202,313
103.56,205,312
103.68,204,313
103.8,202,312
103.92,202,312
104.02,204,312
104.13,209,313
104.25,218,312
104.37,223,312
104.49,224,312
104.61,226,311
104.72,230,311
104.83,230,310
104.94,229,310
105.05,230,310
105.16,230,309
105.28,232,310
105.4,233,309
105.52,234,308
105.64,237,308
105.75,240,308
105.87,245,307
105.98,251,307
106.1,255,307
106.22,257,306
106.33,258,306
106.45,258,306
106.57,258,306
106.68,259,306
106.79,260,306
106.91,260,306
107.02,259,307
107.15,262,306
107.27,267,305
107.38,269,305
107.5,269,306
107.61,270,306
107.72,269,306
107.84,269,306
107.96,272,305
108.07,274,305
108.19,274,305
108.31,274,305
108.42,274,305
108.53,274,305
108.65,275,304
108.76,276,303
108.88,276,302
108.98,276,301
109.1,276,300
109.21,276,299
109.33,276,301
109.45,276,302
109.56,276,302
109.69,276,302
109.81,276,302
109.92,276,302
110.03,276,302
110.14,276,302
110.26,274,304
110.37,276,306
110.49,283,307
110.62,290,306
110.73,300,308
110.85,312,310
110.97,330,313
111.09,348,314
111.21,360,314
111.32,362,314
111.43,364,315
111.55,375,315
111.66,387,315
111.77,397,315
111.88,409,313
112,419,313
112.12,422,313
112.23,425,312
112.34,424,311
112.46,427,311
112.57,429,311
112.69,430,312
112.81,430,313
112.93,431,314
113.04,431,314
113.15,432,314
113.27,433,315
113.38,433,315
113.5,432,314
113.61,429,312
113.73,429,312
113.85,429,313
113.97,427,314
114.08,426,315
114.2,426,317
114.32,426,317
114.44,426,317
114.55,426,315
114.67,426,314
114.79,423,313
114.91,421,314
115.03,417,314
115.13,416,314
115.25,413,313
115.37,408,312
115.48,405,314
115.59,405,313
115.71,406,314
115.83,407,315
115.94,406,315
116.05,407,315
116.17,406,315
116.29,407,315
116.4,410,315
116.52,413,316
116.63,414,317
116.75,415,318
116.86,415,318
116.97,415,318
117.09,411,315
117.2,408,314
117.32,404,314
117.44,398,313
117.56,397,312
117.68,396,312
117.79,393,312
117.9,390,312
118,389,312
118.11,389,312
118.24,389,312
118.36,389,312
118.47,389,311
118.59,390,312
118.7,391,312
118.83,391,312
118.95,391,312
119.06,392,312
119.18,395,311
119.31,396,310
119.42,398,309
119.54,397,308
119.65,398,308
119.77,398,308
119.88,400,308
119.99,400,308
120.11,398,308
120.23,398,310
120.34,395,311
120.47,393,311
120.58,389,311
120.7,383,311
120.81,372,309
120.93,361,309
121.04,351,309
121.16,344,309
121.29,339,308
121.4,336,308
121.51,333,307
121.63,330,307
121.75,328,307
121.87,329,307
121.97,330,307
122.09,330,307
122.21,330,307
122.33,327,307
122.44,321,307
122.56,317,307
122.67,318,308
122.79,319,308
122.91,318,308
123.03,315,309
123.14,314,311
123.26,313,311
123.38,314,311
123.49,313,312
123.61,313,311
123.72,312,312
123.84,312,312
123.95,312,312
124.05,312,311
124.18,312,311
124.29,311,311
124.4,311,312
124.52,311,312
124.64,311,312
124.75,311,312
124.87,311,312
124.98,311,312
125.1,311,311
125.22,309,312
125.33,309,312
125.46,306,313
125.57,305,314
125.69,305,314
125.81,305,314
125.92,304,315
126.03,303,315
126.15,303,315
126.26,303,315
126.38,303,315
126.5,303,315
126.61,303,315
126.73,304,314
126.85,304,313
126.98,304,312
127.1,302,311
127.21,302,311
127.32,301,310
127.43,299,310
127.55,296,309
127.66,297,309
127.78,296,308
127.89,295,306
128.02,295,307
128.13,295,307
128.25,295,307
128.36,295,307
128.49,295,307
128.61,294,308
128.72,289,308
128.84,281,307
128.95,265,308
129.07,253,307
129.18,237,308
129.3,220,308
129.42,207,308
129.54,195,308
129.65,182,309
129.78,177,309
129.89,172,310
130.02,170,311
130.13,168,311
130.25,164,311
130.36,163,312
130.48,161,312
130.59,161,312
130.71,160,311
130.83,161,312
130.95,160,311
131.07,160,311
131.19,159,311
131.31,161,311
131.43,162,313
131.55,162,313
131.67,162,313
131.79,160,314
131.9,159,314
132.03,159,313
132.15,159,312
132.26,160,312
132.38,160,312
132.49,161,311
132.61,161,311
132.72,164,311
132.83,164,311
132.96,166,311
133.07,169,310
133.18,175,310
133.3,178,310
133.42,184,309
133.53,193,309
133.65,204,309
133.77,214,308
133.89,224,307
134.01,232,307
134.12,232,307
134.24,231,307
134.36,227,307
134.47,227,307
134.59,227,307
134.7,227,307
134.81,228,307
134.93,228,307
135.05,232,307
135.17,238,307
135.28,245,309
135.4,249,309
135.52,257,311
135.63,259,312
135.75,261,313
135.86,263,312
135.97,262,313
136.08,262,313
136.21,262,313
136.32,263,313
136.44,263,313
136.56,263,313
136.68,263,313
136.8,263,313
136.92,266,314
137.03,269,314
137.14,270,314
137.27,270,314
137.37,270,314
137.49,268,314
137.6,269,313
137.72,269,313
137.84,271,314
137.96,273,314
138.07,273,315
138.19,273,315
138.3,273,315
138.42,269,313
138.53,269,313
138.65,269,313
138.76,268,312
138.88,268,311
138.99,271,311
139.1,273,310
139.22,273,310
139.33,272,309
139.45,272,309
139.56,272,309
139.68,272,309
139.8,271,309
139.92,271,309
140.03,271,308
140.15,271,309
140.27,272,308
140.38,275,306
140.49,276,305
140.61,275,305
140.73,275,305
140.84,276,304
140.95,276,304
141.07,276,304
141.18,275,306
141.3,273,309
141.41,273,309
141.52,273,308
141.64,273,309
141.75,273,308
141.85,272,309
141.97,273,308
142.08,274,309
142.2,276,309
142.3,283,310
142.42,291,308
142.53,301,308
142.66,319,309
142.77,335,311
142.89,353,313
143,366,313
143.11,367,314
143.22,372,315
143.33,381,315
143.45,389,315
143.56,388,315
143.68,388,314
143.8,390,313
143.92,393,312
144.04,393,311
144.15,394,312
144.26,399,312
144.37,412,311
144.49,421,312
144.6,423,311
144.71,423,312
144.82,424,312
144.94,425,313
145.05,425,313
145.17,425,313
145.3,425,313
145.41,425,311
145.52,428,311
145.64,430,311
145.75,431,311
145.87,433,310
145.98,433,310
146.1,432,310
146.21,430,310
146.34,427,312
146.45,428,312
146.57,428,312
146.68,428,312
146.8,428,311
146.92,428,311
147.03,428,311
147.15,427,311
147.26,427,310
147.37,428,309
147.49,429,309
147.6,428,309
147.71,427,312
147.83,428,313
147.94,427,312
148.06,426,309
148.18,424,308
148.29,422,308
148.4,421,308
148.52,420,308
148.63,420,308
148.74,420,308
148.86,420,308
148.98,420,308
149.09,420,308
149.2,420,308
149.32,420,308
149.43,420,309
149.55,422,309
149.66,421,309
149.77,421,309
149.89,421,309
150,421,309
150.12,420,309
150.24,420,309
150.35,420,309
150.46,420,309
150.58,420,309
150.7,420,309
150.82,420,309
150.94,420,309
151.05,420,309
151.17,420,309
151.29,420,309
151.4,420,309
151.52,420,309
151.62,420,309
151.74,420,309
151.85,420,309
151.97,420,309
152.08,420,309
152.19,420,309
152.3,419,309
152.42,419,309
152.55,420,309
152.67,420,309
152.79,420,309
152.9,418,308
153.02,418,309
153.13,418,309
153.24,416,309
153.36,414,309
153.48,414,311
153.6,414,311
153.72,415,311
153.84,417,311
153.97,416,311
154.08,415,309
154.21,414,309
154.33,413,309
154.43,412,308
154.55,411,307
154.67,405,308
154.77,405,308
154.89,402,308
155.01,402,308
155.12,401,308
155.24,400,308
155.34,395,308
155.47,389,308
155.59,385,308
155.71,375,308
155.83,366,307
155.94,352,308
156.06,343,308
156.18,335,309
156.29,331,310
156.41,328,311
156.52,326,311
156.64,323,313
156.75,321,313
156.86,318,313
156.98,318,314
157.1,318,314
157.21,317,314
157.32,318,314
157.44,319,313
157.56,319,313
157.69,316,312
157.8,313,313
157.93,313,311
158.05,313,311
158.17,312,310
158.29,312,310
158.41,312,310
158.53,312,310
158.65,311,310
158.76,311,310
158.88,310,310
159,307,310
159.11,305,310
159.24,303,309
159.36,303,309
159.47,303,309
159.6,304,310
159.71,300,311
159.83,298,312
159.95,296,312
160.07,294,312
160.18,292,313
160.3,291,313
160.42,291,314
160.54,291,314
160.66,291,314
160.76,291,314
160.88,290,314
160.99,290,314
161.11,291,314
161.23,291,314
161.34,291,314
161.47,291,314
161.58,291,314
161.69,291,314
161.81,291,314
161.92,291,314
162.04,291,314
162.15,292,313
162.27,291,312
162.39,288,314
162.51,278,312
162.63,268,310
162.74,253,309
162.86,243,307
162.97,230,307
163.09,224,307
163.21,223,308
163.32,225,307
163.44,226,307
163.55,226,307
163.67,225,307
163.78,226,307
163.89,226,307
164.01,224,309
164.13,223,309
164.24,221,310
164.35,217,310
164.46,209,311
164.58,197,312
164.69,187,312
164.81,178,312
164.94,175,312
165.05,175,312
165.17,176,313
165.29,177,314
165.4,177,314
165.51,178,315
165.63,178,315
165.75,178,314
165.86,178,315
165.97,178,314
166.09,178,315
166.2,178,315
166.31,178,314
166.43,178,314
166.54,178,314
166.65,179,314
166.77,179,314
166.89,178,313
167,179,313
167.12,180,312
167.24,180,312
167.35,179,312
167.47,179,311
167.58,177,310
167.69,177,310
167.81,177,310
167.93,179,311
168.05,180,311
168.17,182,311
168.28,182,311
168.4,182,311
168.52,182,310
168.64,185,310
168.75,190,311
168.87,193,310
168.98,198,311
169.09,200,311
169.2,199,312
169.33,199,311
169.43,199,311
169.55,201,312
169.66,200,312
169.78,199,312
169.89,200,312
170.01,198,312
170.13,197,312
170.25,197,311
170.36,197,312
170.48,197,312
170.59,197,312
170.7,197,312
170.82,197,312
170.93,197,312
171.05,197,312
171.17,197,312
171.28,197,312
171.39,197,313
171.52,197,313
171.63,197,312
171.75,197,312
171.86,198,312
171.98,199,312
172.09,201,311
172.2,201,310
172.31,203,311
172.43,203,311
172.55,203,311
172.67,203,311
172.79,203,311
172.9,203,311
173.02,203,311
173.14,203,311
173.26,203,311
173.37,203,311
173.48,202,311
173.6,203,311
173.72,204,312
173.84,207,312
173.95,211,311
174.08,216,311
174.19,218,311
174.3,217,311
174.43,214,311
174.55,213,313
174.67,213,312
174.79,214,311
174.9,215,311
175.02,218,312
175.13,220,312
175.24,222,311
175.36,225,312
175.48,230,312
175.6,236,311
175.72,242,311
175.83,249,312
175.94,254,312
176.06,258,313
176.17,258,313
176.29,257,313
176.41,256,313
176.52,256,313
176.64,255,314
176.75,254,313
176.88,253,312
176.99,253,312
177.1,255,312
177.22,255,312
177.34,255,312
177.45,255,312
177.58,255,312
177.68,258,311
177.8,262,310
177.92,264,310
178.04,263,309
178.15,264,310
178.27,264,310
178.39,264,310
178.51,265,309
178.61,270,307
178.73,276,307
178.85,278,307
178.97,278,308
179.09,283,308
179.2,288,308
179.31,290,308
179.42,291,307
179.54,300,308
179.65,310,308
179.77,327,309
179.89,340,310
180.02,353,311
180.13,364,312
180.24,369,312
180.37,382,312
180.48,393,313
180.6,403,313
180.71,416,312
180.82,417,312
180.94,419,312
181.05,420,312
181.16,424,312
181.27,426,312
181.39,427,312
181.5,427,312
181.61,427,312
181.73,429,311
181.85,430,310
181.97,432,310
182.09,431,310
182.2,431,310
182.31,427,310
182.43,424,311
182.54,425,311
182.66,428,311
182.78,429,311
182.89,429,310
183.01,429,310
183.13,430,310
183.24,429,311
183.35,428,312
183.47,426,313
183.58,426,314
183.69,425,314
183.8,426,314
183.92,425,315
184.03,421,315
184.15,419,314
184.26,418,313
184.38,417,312
184.49,417,311
184.61,417,311
184.72,417,311
184.84,417,311
184.95,414,312
185.07,409,312
185.19,407,312
185.3,404,312
185.42,397,312
185.53,388,310
185.65,381,309
185.77,367,308
185.89,357,309
186.01,349,309
186.13,348,309
186.25,345,308
186.36,338,308
186.48,332,308
186.61,326,308
186.72,325,308
186.84,327,308
186.95,330,309
187.07,331,309
187.19,332,309
187.3,331,309
187.42,331,309
187.53,330,309
187.65,326,309
187.77,320,309
187.89,318,310
187.99,316,310
188.11,316,310
188.22,316,310
188.34,315,310
188.46,315,310
188.58,314,309
188.69,312,308
188.81,309,308
188.93,309,308
189.04,309,308
189.16,310,308
189.28,310,308
189.39,310,308
189.5,310,308
189.62,311,308
189.74,310,308
189.85,310,308
189.96,309,308
190.07,309,308
190.18,310,308
190.3,310,308
190.42,309,308
190.53,309,307
190.64,308,307
190.77,308,307
190.89,308,307
191,308,307
191.12,308,307
191.24,308,306
191.34,308,306
191.45,307,306
191.57,306,305
191.72,306,306
191.84,306,306
192.01,308,307
192.13,307,306
192.25,308,307
192.36,309,306
192.49,309,307
192.6,309,307
192.72,308,307
192.84,307,306
192.96,307,306
193.07,307,306
193.18,308,307
193.29,303,308
193.4,300,310
193.52,298,310
193.64,291,309
193.76,277,310
193.89,264,310
194,244,309
194.11,230,308
194.23,212,309
194.34,200,308
194.46,183,309
194.58,174,310
194.69,168,310
194.81,164,309
194.93,161,310
195.05,161,311
195.17,158,310
195.29,159,311
195.41,159,311
195.52,158,310
195.63,161,309
195.75,164,308
195.87,167,308
195.98,170,308
196.1,172,309
196.22,175,309
196.34,178,310
196.46,180,311
196.58,181,311
196.69,181,311
196.8,183,312
196.92,181,312
197.04,179,312
197.17,178,313
197.28,178,314
197.4,177,314
197.52,177,314
197.63,176,315
197.75,176,315
197.87,177,314
197.99,178,313
198.12,180,312
198.24,182,312
198.36,183,312
198.48,188,312
198.59,195,311
198.71,199,311
198.82,201,311
198.92,206,311
199.04,209,311
199.16,212,310
199.28,218,309
199.4,228,309
199.52,237,308
199.63,246,309
199.76,251,309
199.88,250,309
199.99,248,309
200.1,248,308
200.22,247,308
200.33,247,308
200.44,247,309
200.55,247,309
200.67,247,309
200.79,247,309
200.91,247,309
201.03,247,309
201.15,247,309
201.27,247,309
201.38,247,309
201.49,247,309
201.61,248,309
201.72,248,309
201.83,249,308
201.96,249,309
202.07,249,308
202.19,249,309
202.29,249,309
202.41,249,309
202.53,249,309
202.64,249,308
202.75,249,309
202.87,248,308
202.98,248,308
203.1,249,309
203.21,248,309
203.33,247,309
203.44,247,310
203.55,244,311
203.67,239,312
203.78,233,312
203.9,226,312
204.01,216,312
204.13,207,313
204.25,202,313
204.37,200,314
204.49,195,313
204.61,187,311
204.71,184,311
204.83,187,311
204.94,187,311
205.06,187,310
205.17,187,310
205.28,187,309
205.4,187,309
205.51,187,308
205.62,186,308
205.74,187,307
205.85,187,307
205.97,187,307
206.09,187,307
206.2,187,307
206.32,187,307
206.44,186,308
206.56,186,310
206.67,189,311
206.78,189,310
206.89,192,308
207.01,194,308
207.12,198,309
207.23,198,310
207.35,197,309
207.47,197,309
207.59,197,309
207.7,197,309
207.81,197,309
207.92,199,309
208.03,201,310
208.14,201,310
208.26,201,310
208.38,201,310
208.5,200,311
208.61,199,311
208.73,200,311
208.84,200,311
208.95,199,310
209.06,201,310
209.17,204,310
209.29,205,310
209.41,207,310
209.52,212,310
209.62,217,308
209.73,222,309
209.84,224,309
209.96,225,308
210.08,227,308
210.2,230,308
210.31,234,307
210.43,237,307
210.54,243,307
210.65,248,306
210.76,251,306
210.88,252,306
211,254,306
211.12,255,305
211.24,255,305
211.35,256,305
211.47,256,305
211.58,254,306
211.7,254,306
211.82,253,306
211.94,252,306
212.06,252,306
212.17,253,306
212.28,252,306
212.41,253,306
212.52,252,306
212.64,252,306
212.76,253,306
212.88,254,306
212.99,254,306
213.11,254,306
213.23,254,306
213.34,254,306
213.45,254,306
213.57,260,306
213.67,263,307
213.79,266,308
213.9,267,308
214.02,267,309
214.13,267,309
214.25,267,309
214.36,267,309
214.47,267,309
214.59,270,310
214.71,270,310
214.82,270,310
214.93,269,310
215.05,267,309
215.16,269,310
215.28,269,310
215.39,269,310
215.51,269,310
215.63,268,309
215.74,269,308
215.86,272,308
215.98,270,308
216.09,271,308
216.21,271,308
216.33,271,308
216.44,272,308
216.56,271,308
216.67,271,308
216.79,274,308
216.9,277,307
217.02,279,306
217.13,279,306
217.24,280,305
217.36,283,302
217.47,284,300
217.59,285,298
217.71,285,298
217.82,285,298
217.93,285,299
218.05,285,299
218.17,286,299
218.28,286,299
218.4,287,299
218.51,287,299
218.62,287,299
218.73,287,299
218.85,287,299
218.97,287,299
219.08,287,299
219.2,287,299
219.32,286,299
219.42,285,299
219.54,284,299
219.65,284,299
219.76,282,297
219.88,282,297
219.99,281,297
220.11,281,297
220.23,280,296
220.35,280,295
220.47,280,294
220.58,280,291
220.69,280,289
220.8,280,289
220.91,280,290
221.03,281,293
221.15,281,296
221.26,281,296
221.38,281,296
221.49,281,297
221.61,280,297
221.73,281,298
221.85,281,297
221.97,281,297
222.09,282,297
222.2,282,297
222.33,282,299
222.46,283,299
222.57,283,301
222.69,284,301
222.81,284,302
222.93,284,302
223.05,283,302
223.17,283,302
223.28,283,300
223.4,283,300
223.52,283,300
223.64,283,303
223.76,284,306
223.88,283,306
224.01,283,306
224.12,280,307
224.24,278,306
224.36,268,307
224.49,260,307
224.6,247,308
224.72,236,309
224.83,232,310
224.94,230,311
225.05,228,311
225.17,228,311
225.28,228,311
225.39,230,312
225.5,232,312
225.61,231,312
225.74,231,312
225.85,231,312
225.96,231,312
226.08,233,312
226.2,236,310
226.32,241,308
226.43,245,308
226.55,252,307
226.65,260,307
226.77,264,307
226.89,268,308
227,268,308
227.12,268,307
227.24,268,308
227.36,268,308
227.47,268,308
227.58,268,308
227.7,268,308
227.82,272,309
227.94,275,309
228.05,277,310
228.16,279,311
228.27,281,312
228.39,284,313
228.51,286,314
228.62,287,315
228.74,288,315
228.86,288,316
228.97,289,316
229.08,289,316
229.2,290,317
229.32,290,317
229.44,290,318
229.55,290,318
229.66,290,318
229.78,290,318
229.88,290,318
230,290,318
230.11,290,319
230.22,290,318
230.34,290,319
230.45,290,318
230.57,290,318
230.69,290,318
230.8,290,318
230.91,290,319
231.03,290,320
231.16,290,321
231.27,290,321
231.39,290,322
231.5,290,322
231.62,290,322
231.74,290,322
231.86,290,321
231.97,290,321
232.1,290,321
232.21,290,322
232.32,291,323
232.43,291,325
232.55,292,326
232.67,291,329
232.78,290,332
232.9,289,333
233.01,287,333
233.13,287,332
233.25,287,332
233.36,287,333
233.48,286,334
233.59,286,334
233.7,287,334
233.83,287,335
233.94,288,338
234.05,287,340
234.18,288,344
234.29,289,348
234.41,289,350
234.53,290,349
234.65,290,349
234.77,290,349
234.88,291,351
235.01,291,352
235.14,290,352
235.25,291,352
235.37,290,349
235.48,289,343
235.59,288,339
235.71,289,335
235.83,288,335
235.94,288,334
236.07,287,332
236.19,287,331
236.31,287,330
236.42,287,330
236.54,287,329
236.66,287,329
236.77,288,329
236.89,289,328
237,289,326
237.11,286,322
237.23,284,320
237.35,282,317
237.46,281,316
237.57,280,314
237.69,280,314
237.8,281,313
237.92,281,312
238.04,281,312
238.16,281,312
238.27,280,312
238.39,280,313
238.51,279,312
238.62,278,312
238.73,279,312
238.85,279,312
238.97,279,310
239.09,279,309
239.21,278,307
239.33,279,307
239.45,278,308
239.56,278,308
239.67,278,308
239.79,279,307
239.9,279,305
240.02,280,304
240.13,280,304
240.25,279,302
240.37,280,301
240.48,280,301
240.59,280,301
240.71,280,302
240.81,280,303
240.93,280,305
241.04,280,304
241.16,281,304
241.28,284,305
241.39,284,306
241.51,284,306
241.63,284,306
241.75,289,307
241.87,294,307
241.99,303,308
242.11,314,311
242.23,323,312
242.34,338,313
242.46,348,313
242.57,353,312
242.7,357,313
242.81,358,313
242.92,358,313
243.04,358,313
243.15,360,313
243.27,361,314
243.39,360,313
243.51,359,313
243.62,360,313
243.73,359,313
243.84,359,314
243.96,358,315
244.08,357,314
244.21,356,314
244.32,354,314
244.44,353,314
244.56,348,312
244.68,343,311
244.8,338,309
244.91,334,310
245.02,329,309
245.13,328,310
245.26,327,310
245.37,325,310
245.49,323,309
245.6,321,308
245.71,319,308
245.83,318,308
245.95,316,308
246.07,315,307
246.19,314,307
246.31,312,307
246.43,311,308
246.55,310,308
246.66,310,308
246.78,310,308
246.89,310,308
247,309,309
247.12,309,310
247.23,309,310
247.35,308,311
247.47,308,311
247.59,307,312
247.71,307,311
247.83,307,311
247.95,307,311
248.07,307,311
248.19,307,311
248.31,309,310
248.43,309,310
248.55,307,309
248.66,307,309
248.77,307,309
248.88,306,309
249,303,309
249.12,302,309
249.23,302,309
249.35,301,309
249.47,302,309
249.58,301,309
249.7,298,308
249.82,295,308
249.92,298,308
250.05,298,310
250.17,296,310
250.28,294,310
250.39,293,311
250.51,294,311
250.62,294,311
250.75,290,311
250.87,287,312
250.98,274,310
251.09,261,310
251.2,249,309
251.33,234,309
251.44,219,308
251.56,210,309
251.68,195,309
251.79,186,310
251.9,179,311
252.02,170,312
252.13,164,313
252.25,161,314
252.37,161,314
252.48,160,314
252.59,159,314
252.71,157,314
252.83,155,313
252.95,153,312
253.08,153,312
253.2,153,312
253.31,153,312
253.43,153,312
253.54,156,313
253.67,155,312
253.78,154,312
253.89,154,312
254.01,153,312
254.13,153,312
254.25,152,311
254.36,152,311
254.48,152,311
254.61,152,311
254.74,152,311
254.84,152,311
254.96,151,311
255.07,153,311
255.19,152,310
255.3,153,311
255.41,152,310
255.53,153,310
255.65,154,308
255.77,154,308
255.89,153,308
256,152,309
256.12,152,310
256.24,151,310
256.35,150,310
256.47,149,310
256.59,152,311
256.7,150,310
256.82,150,310
256.94,152,311
257.06,152,311
257.18,152,311
257.29,151,310
257.41,151,310
257.53,151,310
257.64,151,310
257.77,152,311
257.88,152,311
257.99,153,311
258.1,153,312
258.23,153,312
258.35,154,312
258.45,154,312
258.58,154,312
258.69,154,312
258.81,153,311
258.93,154,312
259.04,153,311
259.15,154,312
259.27,152,312
259.38,152,311
259.5,152,312
259.61,152,312
259.73,151,312
259.85,152,313
259.96,152,313
260.09,152,312
260.2,152,313
260.3,152,313
260.42,153,313
260.54,153,313
260.66,152,313
260.78,152,313
260.9,152,313
261.01,151,313
261.12,151,312
261.24,151,313
261.36,152,313
261.48,152,313
261.59,152,313
261.71,151,313
261.82,152,313
261.93,152,313
262.05,152,313
262.16,152,314
262.28,152,314
262.4,151,313
262.52,152,314
262.63,151,313
262.75,152,313
262.87,152,313
262.99,151,312
263.11,151,312
263.22,151,312
263.33,151,312
263.44,150,312
263.56,151,312
263.68,151,312
263.79,151,311
263.89,151,311
264.01,151,312
264.13,151,311
264.25,151,311
264.37,152,311
264.48,151,310
264.61,152,311
264.72,151,311
264.84,151,311
264.95,151,311
265.07,151,310
265.18,151,311
265.3,151,311
265.42,151,311
265.53,151,311
265.64,151,311
265.76,151,311
265.88,151,311
265.99,151,311
266.11,150,310
266.22,151,311
266.34,152,310
266.47,153,310
266.58,154,309
266.68,156,308
266.8,156,308
266.92,156,308
267.04,155,308
267.15,155,308
267.26,155,308
267.38,155,308
267.49,155,308
267.61,154,308
267.73,154,308
267.85,154,308
267.96,153,307
268.08,154,307
268.2,154,307
268.32,154,307
268.45,154,306
268.57,154,306
268.69,153,307
268.8,154,306
268.91,152,308
269.03,152,307
269.15,151,308
269.26,153,309
269.38,155,311
269.5,155,312
269.62,155,312
269.74,154,311
269.86,153,311
269.97,153,311
270.09,151,311
270.2,149,312
270.31,149,311
270.43,149,312
270.54,149,311
270.66,149,310
270.78,149,310
270.89,150,310
271,153,312
271.12,156,312
271.25,159,311
271.36,162,310
271.48,170,311
271.59,176,311
271.71,182,311
271.84,193,310
271.95,202,311
272.07,214,311
272.2,223,311
272.32,234,312
272.43,243,311
272.55,250,312
272.67,251,311
272.78,249,311
272.9,247,312
273.02,247,312
273.14,247,314
273.26,247,315
273.37,248,315
273.49,248,315
273.6,247,314
273.72,247,313
273.83,248,312
273.94,248,312
274.06,250,313
274.17,251,312
274.29,253,311
274.41,256,311
274.52,260,311
274.63,262,310
274.75,262,311
274.85,261,311
274.97,262,311
275.08,262,311
275.19,262,311
275.31,262,311
275.42,262,311
275.53,261,311
275.65,261,311
275.76,262,311
275.88,260,311
276,260,311
276.11,259,311
276.24,258,311
276.36,256,311
276.48,255,311
276.59,255,311
276.7,255,311
276.82,255,311
276.93,255,311
277.05,255,311
277.16,256,311
277.28,255,310
277.4,254,309
277.52,254,308
277.63,253,308
277.75,252,308
277.86,252,308
277.98,253,308
278.11,253,308
278.23,253,308
278.34,254,308
278.46,254,308
278.57,256,309
278.69,257,310
278.81,259,311
278.93,261,310
279.05,263,310
279.17,264,310
279.29,265,310
279.41,266,311
279.52,268,311
279.65,272,312
279.76,273,311
279.87,273,312
279.99,272,311
280.11,273,312
280.23,275,313
280.35,276,313
280.46,276,313
280.58,277,314
280.71,277,314
280.82,278,315
280.94,277,314
281.05,277,315
281.17,277,315
281.29,277,315
281.4,277,315
281.52,277,315
281.63,277,316
281.75,277,316
281.86,277,316
281.98,277,316
282.1,277,315
282.21,277,315
282.33,278,316
282.45,277,315
282.56,279,316
282.67,280,316
282.79,279,316
282.9,281,316
283.02,283,316
283.14,284,315
283.26,283,315
283.38,280,314
283.5,282,312
283.62,285,311
283.73,287,311
283.85,289,311
283.97,288,309
284.08,289,309
284.2,289,309
284.31,289,309
284.42,289,308
284.54,289,309
284.65,289,309
284.76,289,309
284.87,290,307
284.99,296,306
285.11,307,307
285.23,322,307
285.34,331,309
285.46,334,309
285.58,334,309
285.7,335,309
285.8,336,310
285.92,336,310
286.04,340,312
286.15,345,313
286.26,351,313
286.37,363,315
286.5,375,314
286.61,385,315
286.73,396,314
286.84,407,313
286.95,413,313
287.08,413,314
287.2,413,315
287.32,414,316
287.44,414,316
287.55,414,316
287.66,411,315
287.78,410,317
287.89,410,318
288,412,318
288.12,410,317
288.24,410,316
288.36,408,314
288.48,408,314
288.6,415,315
288.72,422,315
288.83,422,314
288.95,423,314
289.07,426,314
289.18,426,314
289.29,426,314
289.41,426,314
289.53,426,314
289.64,421,314
289.76,417,314
289.87,418,314
289.99,420,314
290.11,419,314
290.22,417,314
290.34,416,313
290.45,416,313
290.57,418,311
290.69,419,311
290.79,419,311
290.91,419,310
291.03,419,309
291.14,421,309
291.25,420,309
291.36,419,310
291.47,417,312
291.58,413,313
291.7,411,312
291.82,407,311
291.93,404,309
292.04,399,308
292.15,393,308
292.26,390,308
292.37,390,307
292.49,391,307
292.59,391,306
292.72,392,306
292.84,392,306
292.95,392,306
293.08,392,306
293.2,392,306
293.31,392,306
293.43,391,306
293.54,391,306
293.65,391,307
293.77,389,307
293.89,387,307
294,385,307
294.12,384,307
294.24,382,308
294.35,378,309
294.46,371,310
294.58,364,314
294.7,353,314
294.82,346,315
294.94,342,315
295.06,339,314
295.17,335,316
295.3,332,315
295.42,332,314
295.53,331,314
295.65,329,314
295.77,322,314
295.89,319,313
296.01,318,313
296.12,316,313
296.25,317,313
296.36,321,312
296.48,321,313
296.6,320,313
296.71,320,314
296.83,321,314
296.96,324,315
297.07,325,316
297.2,326,316
297.32,324,316
297.43,322,315
297.54,321,315
297.65,319,315
297.78,318,315
297.89,318,315
298.01,318,315
298.13,318,315
298.25,319,315
298.37,319,315
298.48,322,314
298.6,325,314
298.7,326,315
298.82,328,316
298.93,330,316
299.04,331,317
299.16,332,317
299.27,331,316
299.39,328,315
299.5,329,315
299.62,329,314
299.75,327,314
299.86,328,314
299.97,329,314
